fill_timestamp_ns,side,order_price,fill_price,qty,latency_us
1782758596969645085,BUY,174.9706,175.0056,10,508.9580
1782758596972200707,SELL,175.0406,175.0056,10,3064.4150
1782758597019853926,BUY,174.9706,175.0056,10,646.9310
1782758597020141727,SELL,175.0406,175.0056,10,934.2040
1782758597119984462,SELL,175.0453,175.0103,10,538.0480
1782758597170452486,BUY,174.9796,175.0046,10,938.0680
1782758597220233189,SELL,175.0396,175.0046,10,628.1520
1782758597270460916,SELL,175.0446,174.9996,10,777.9980
1782758597320576661,BUY,174.9846,174.9996,10,813.8760
1782758597321797941,SELL,175.0546,174.9996,10,2034.6660
1782758597370726337,BUY,174.9886,175.0036,10,786.9420
1782758597420994454,BUY,174.9786,175.0036,10,996.9470
1782758597471211326,SELL,175.0392,175.0042,10,1076.1110
1782758597520868288,SELL,175.0492,175.0042,10,620.1750
1782758597570720722,BUY,174.9876,175.0026,10,389.5790
1782758597671408523,BUY,174.9705,174.9955,10,841.0210
1782758597721439500,BUY,174.9605,174.9955,10,786.7720
1782758597721964933,SELL,175.0305,174.9955,10,1311.5710
1782758597771102941,BUY,174.9621,174.9971,10,321.0330
1782758597771610229,SELL,175.0321,174.9971,10,827.7400
1782758597821730204,BUY,174.9621,174.9971,10,827.4130
1782758597822420578,SELL,175.0321,174.9971,10,1517.2320
1782758597871501371,SELL,175.0247,174.9897,10,509.6620
1782758597922058408,SELL,175.0347,174.9897,10,934.7490
1782758597971995922,BUY,174.9842,174.9992,10,779.7210
1782758597972376824,SELL,175.0542,174.9992,10,1160.1110
1782758598022053789,BUY,174.9842,174.9992,10,624.6570
1782758598022540766,SELL,175.0542,174.9992,10,1110.9470
1782758598072456964,BUY,174.9778,174.9928,10,919.9550
1782758598073052337,SELL,175.0478,174.9928,10,1514.8250
1782758598122216461,BUY,174.9778,174.9928,10,504.3650
1782758598122497499,SELL,175.0478,174.9928,10,782.1030
1782758598172360159,SELL,175.0428,174.9878,10,492.9090
1782758598222580529,BUY,174.9828,174.9878,10,597.1500
1782758598223223655,SELL,175.0528,174.9878,10,1239.7390
1782758598272756511,SELL,175.0552,174.9902,10,676.5200
1782758598323257016,BUY,174.9952,174.9902,10,1092.7960
1782758598324149822,SELL,175.0652,174.9902,10,1984.8430
1782758598372849724,BUY,174.9973,174.9923,10,583.2230
1782758598373123646,SELL,175.0673,174.9923,10,856.4820
1782758598423170348,BUY,174.9973,174.9923,10,794.3540
1782758598423983125,SELL,175.0673,174.9923,10,1606.5600
1782758598472965871,BUY,175.0021,174.9971,10,495.2180
1782758598473751896,SELL,175.0721,174.9971,10,1280.5090
1782758598523109297,BUY,175.0021,174.9971,10,519.6740
1782758598524055688,SELL,175.0721,174.9971,10,1465.6030
1782758598573585986,BUY,175.0002,174.9952,10,890.3510
1782758598623611581,SELL,175.0602,174.9952,10,822.6970
1782758598673580618,BUY,175.0100,175.0050,10,676.9220
1782758598673986061,SELL,175.0800,175.0050,10,1081.9030
1782758598723654963,BUY,175.0100,175.0050,10,664.2040
1782758598724104661,SELL,175.0800,175.0050,10,1113.0770
1782758598824022419,BUY,175.0032,174.9982,10,775.7930
1782758598874022983,SELL,175.0534,174.9884,10,606.0140
1782758598923854296,BUY,174.9934,174.9884,10,329.2710
1782758598924103363,SELL,175.0634,174.9884,10,577.7950
1782758598974935586,BUY,174.9970,174.9920,10,1291.0440
1782758598975473374,SELL,175.0670,174.9920,10,1828.3530
1782758599024177884,SELL,175.0670,174.9920,10,420.7050
1782758599074290124,BUY,174.9986,174.9835,10,441.9940
1782758599075237230,SELL,175.0685,174.9835,10,1388.5970
1782758599124382766,BUY,174.9986,174.9835,10,442.3680
1782758599174404254,BUY,174.9786,174.9736,10,355.4980
1782758599224569382,BUY,174.9686,174.9736,10,438.9890
1782758599224990905,SELL,175.0386,174.9736,10,860.1020
1782758599324625231,SELL,175.0400,174.9750,10,313.6020
1782758599375097887,SELL,175.0452,174.9702,10,684.2370
1782758599425195043,BUY,174.9852,174.9702,10,665.1260
1782758599426075078,SELL,175.0552,174.9702,10,1544.6570
1782758599475680175,BUY,174.9914,174.9763,10,1045.9090
1782758599476300093,SELL,175.0613,174.9763,10,1665.1960
1782758599525506299,SELL,175.0613,174.9763,10,753.2900
1782758599575767393,BUY,175.0040,174.9790,10,942.1290
1782758599576586661,SELL,175.0740,174.9790,10,1760.9530
1782758599625673208,SELL,175.0740,174.9790,10,762.0360
1782758599776226745,SELL,175.0828,174.9778,10,1006.1350
1782758599825819726,SELL,175.0928,174.9778,10,491.8370
1782758599875935443,BUY,175.0296,174.9746,10,510.8490
1782758599926025134,BUY,175.0196,174.9746,10,518.1340
1782758599926433484,SELL,175.0896,174.9746,10,926.0170
1782758599976262379,BUY,175.0179,174.9729,10,676.0370
1782758599977153089,SELL,175.0879,174.9729,10,1566.2420
1782758600026396314,BUY,175.0179,174.9729,10,711.2450
1782758600027127283,SELL,175.0879,174.9729,10,1441.5830
1782758600076561209,BUY,175.0231,174.9781,10,796.7480
1782758600076910873,SELL,175.0931,174.9781,10,1145.8800
1782758600126994406,SELL,175.0931,174.9781,10,1059.5750
1782758600176556793,BUY,175.0360,174.9810,10,527.7620
1782758600177443637,SELL,175.1060,174.9810,10,1414.0020
1782758600227158412,BUY,175.0360,174.9810,10,907.6300
1782758600276834862,BUY,175.0166,174.9716,10,514.8070
1782758600277625705,SELL,175.0866,174.9716,10,1305.0580
1782758600327351125,BUY,175.0166,174.9716,10,938.8490
1782758600327821543,SELL,175.0866,174.9716,10,1408.7690
1782758600377551456,BUY,175.0241,174.9791,10,1053.9150
1782758600377826995,SELL,175.0941,174.9791,10,1328.9860
1782758600427075591,BUY,175.0241,174.9791,10,505.7310
1782758600427740086,SELL,175.0941,174.9791,10,1169.7670
1782758600477698051,BUY,175.0143,174.9693,10,1008.2010
1782758600478193881,SELL,175.0843,174.9693,10,1503.6390
1782758600527628194,BUY,175.0143,174.9693,10,852.2490
1782758600528241458,SELL,175.0843,174.9693,10,1465.0660
1782758600577710012,BUY,175.0145,174.9695,10,819.1960
1782758600578327483,SELL,175.0845,174.9695,10,1436.2340
1782758600627396902,SELL,175.0845,174.9695,10,279.6820
1782758600728392562,BUY,175.0282,174.9732,10,868.1490
1782758600728676752,SELL,175.0982,174.9732,10,1151.8470
1782758600778462299,SELL,175.0897,174.9647,10,790.1690
1782758600928263117,BUY,175.0300,174.9650,10,304.8490
1782758600979057756,BUY,175.0263,174.9713,10,1004.7030
1782758601029212967,BUY,175.0163,174.9713,10,1065.1770
1782758601029553664,SELL,175.0863,174.9713,10,1403.2820
1782758601078587804,SELL,175.0851,174.9701,10,292.0810
1782758601129218326,SELL,175.0951,174.9701,10,804.4650
1782758601179552693,BUY,175.0408,174.9758,10,1038.5750
1782758601279641838,BUY,175.0254,174.9704,10,732.2330
1782758601280206870,SELL,175.0954,174.9704,10,1296.7740
1782758601329667880,BUY,175.0254,174.9704,10,674.5400
1782758601380213219,BUY,175.0056,174.9605,10,1106.3050
1782758601380445826,SELL,175.0755,174.9605,10,1338.4450
1782758601430011033,SELL,175.0755,174.9605,10,826.9950
1782758601480135808,SELL,175.0816,174.9566,10,876.0300
1782758601680144434,BUY,175.0162,174.9512,10,366.5280
1782758601730951645,SELL,175.0762,174.9512,10,1082.5980
1782758601830652197,BUY,175.0219,174.9569,10,531.0070
1782758601881082089,BUY,175.0165,174.9615,10,863.9640
1782758601881828454,SELL,175.0865,174.9615,10,1609.8500
1782758601930959989,BUY,175.0165,174.9615,10,658.5010
1782758601980791690,SELL,175.0816,174.9666,10,391.3600
1782758602081498355,BUY,175.0132,174.9582,10,719.1370
1782758602082540394,SELL,175.0832,174.9582,10,1760.7010
1782758602132007362,BUY,175.0132,174.9582,10,1138.8650
1782758602181564319,SELL,175.0758,174.9608,10,625.5990
1782758602231712526,SELL,175.0858,174.9608,10,630.1050
1782758602281982346,BUY,175.0178,174.9528,10,767.2360
1782758602382337262,BUY,175.0095,174.9545,10,676.3660
1782758602383509983,SELL,175.0795,174.9545,10,1848.6570
1782758602432293726,BUY,175.0095,174.9545,10,499.8000
1782758602432991472,SELL,175.0795,174.9545,10,1195.0780
1782758602482608894,SELL,175.0866,174.9616,10,615.6350
1782758602583263429,BUY,175.0234,174.9583,10,948.1620
1782758602633344747,BUY,175.0134,174.9583,10,861.4750
1782758602733708743,BUY,174.9997,174.9547,10,860.2770
1782758602734651058,SELL,175.0697,174.9547,10,1801.8850
1782758602783827787,BUY,174.9905,174.9455,10,832.2210
1782758602784659785,SELL,175.0605,174.9455,10,1663.4550
1782758602834105672,BUY,174.9905,174.9455,10,864.8170
1782758602834689322,SELL,175.0605,174.9455,10,1447.9980
1782758602884226861,BUY,174.9843,174.9393,10,854.1940
1782758602885150338,SELL,175.0543,174.9393,10,1774.7950
1782758602934573733,BUY,174.9843,174.9393,10,1067.7580
1782758602935527953,SELL,175.0543,174.9393,10,2021.5160
1782758602984692671,BUY,174.9876,174.9426,10,859.3090
1782758602985275340,SELL,175.0575,174.9426,10,1441.2690
1782758603034762102,BUY,174.9876,174.9426,10,823.1340
1782758603035344616,SELL,175.0575,174.9426,10,1405.1910
1782758603085059401,BUY,174.9835,174.9385,10,1022.2100
1782758603086011245,SELL,175.0535,174.9385,10,1973.6120
1782758603135103085,BUY,174.9835,174.9385,10,885.0720
1782758603184953101,SELL,175.0416,174.9366,10,652.9800
1782758603285393224,BUY,174.9837,174.9387,10,673.6790
1782758603285844411,SELL,175.0537,174.9387,10,1121.9510
1782758603335770297,BUY,174.9837,174.9387,10,811.4400
1782758603336456398,SELL,175.0537,174.9387,10,1496.6450
1782758603385361471,BUY,174.9897,174.9447,10,254.7910
1782758603386307941,SELL,175.0597,174.9447,10,1200.8810
1782758603435934932,SELL,175.0597,174.9447,10,743.8120
1782758603536350406,BUY,174.9928,174.9378,10,881.0970
1782758603586104278,SELL,175.0492,174.9342,10,493.9790
1782758603636324879,SELL,175.0592,174.9342,10,620.2060
1782758603736418852,BUY,174.9991,174.9341,10,515.1260
1782758603787079896,BUY,174.9872,174.9321,10,1014.6920
1782758603837004566,BUY,174.9772,174.9321,10,728.9520
1782758603837926716,SELL,175.0471,174.9321,10,1649.8520
1782758603886796045,BUY,174.9859,174.9409,10,431.2510
1782758603937454395,BUY,174.9759,174.9409,10,1010.3790
1782758603987098968,BUY,174.9606,174.9356,10,580.1670
1782758603987544294,SELL,175.0306,174.9356,10,1025.0720
1782758604088824285,BUY,174.9698,174.9448,10,1160.1690
1782758604138815378,BUY,174.9598,174.9448,10,1005.5010
1782758604238604145,BUY,174.9475,174.9425,10,599.4690
1782758604239125395,SELL,175.0175,174.9425,10,1120.2900
1782758604289529625,BUY,174.9394,174.9343,10,1209.6600
1782758604338888948,BUY,174.9294,174.9343,10,493.3720
1782758604339207579,SELL,174.9993,174.9343,10,811.5670
1782758604389664935,BUY,174.9314,174.9364,10,1110.6030
1782758604390631853,SELL,175.0014,174.9364,10,2076.6200
1782758604439834040,BUY,174.9314,174.9364,10,1199.8220
1782758604489847511,SELL,174.9848,174.9298,10,1106.6070
1782758604539711352,SELL,174.9948,174.9298,10,739.0460
1782758604590157324,BUY,174.9414,174.9363,10,984.0860
1782758604591002716,SELL,175.0113,174.9363,10,1828.7650
1782758604640343439,BUY,174.9414,174.9363,10,1050.7960
1782758604641003553,SELL,175.0113,174.9363,10,1710.4750
1782758604690644200,SELL,175.0033,174.9283,10,1200.7250
1782758604740806192,BUY,174.9433,174.9283,10,1229.8100
1782758604840613498,BUY,174.9252,174.9202,10,679.4000
1782758604841275082,SELL,174.9952,174.9202,10,1340.2470
1782758604891112653,BUY,174.9200,174.9150,10,1097.1420
1782758604940456427,BUY,174.9100,174.9150,10,333.3940
1782758604941124778,SELL,174.9799,174.9150,10,999.0170
1782758604990591570,BUY,174.9091,174.9140,10,358.9350
1782758605091242513,BUY,174.8925,174.9074,10,721.1600
1782758605091590595,SELL,174.9624,174.9074,10,1068.3270
1782758605141522440,BUY,174.8925,174.9074,10,866.9450
1782758605141793802,SELL,174.9624,174.9074,10,1137.7790
1782758605191881618,BUY,174.8873,174.9023,10,1052.7720
1782758605192952834,SELL,174.9573,174.9023,10,2123.3300
1782758605241881231,BUY,174.8873,174.9023,10,762.0420
1782758605242537090,SELL,174.9573,174.9023,10,1417.4450
1782758605291758938,BUY,174.8967,174.9117,10,527.1230
1782758605342455338,BUY,174.8867,174.9117,10,1148.9980
1782758605392467914,BUY,174.8845,174.9195,10,1083.2490
1782758605392863334,SELL,174.9545,174.9195,10,1478.2370
1782758605441890165,SELL,174.9545,174.9195,10,402.8110
1782758605492542195,BUY,174.9038,174.9288,10,925.1970
1782758605492941138,SELL,174.9738,174.9288,10,1323.5640
1782758605542631467,BUY,174.9038,174.9288,10,865.5270
1782758605542996920,SELL,174.9738,174.9288,10,1230.5210
1782758605593018096,BUY,174.8983,174.9233,10,1130.1820
1782758605642995393,BUY,174.8883,174.9233,10,993.7770
1782758605693044456,BUY,174.8743,174.9192,10,924.9830
1782758605693497236,SELL,174.9442,174.9192,10,1377.4370
1782758605743494451,BUY,174.8743,174.9192,10,1050.4990
1782758605793393393,SELL,174.9422,174.9272,10,784.5330
1782758605843944610,BUY,174.8822,174.9272,10,1164.8130
1782758605844249277,SELL,174.9522,174.9272,10,1469.0630
1782758605893817461,BUY,174.8745,174.9195,10,893.5860
1782758605943966707,SELL,174.9345,174.9195,10,959.8090
1782758605994183756,SELL,174.9473,174.9223,10,1092.1180
1782758606044132790,SELL,174.9573,174.9223,10,706.0680
1782758606094583881,BUY,174.8931,174.9181,10,1048.0790
1782758606144090458,BUY,174.8831,174.9181,10,479.0350
1782758606144981281,SELL,174.9530,174.9181,10,1367.3630
1782758606194562781,BUY,174.8904,174.9253,10,855.3100
1782758606245087666,BUY,174.8804,174.9253,10,1288.6230
1782758606245787085,SELL,174.9503,174.9253,10,1987.5600
1782758606294796145,BUY,174.8776,174.9226,10,883.9080
1782758606344896910,BUY,174.8676,174.9226,10,820.7650
1782758606345347274,SELL,174.9376,174.9226,10,1270.5340
1782758606395046789,BUY,174.8627,174.9177,10,782.9550
1782758606395665555,SELL,174.9327,174.9177,10,1401.2000
1782758606495520146,BUY,174.8549,174.9099,10,885.2460
1782758606495982117,SELL,174.9249,174.9099,10,1346.3130
1782758606545242291,SELL,174.9249,174.9099,10,266.8270
1782758606596170439,BUY,174.8721,174.9171,10,1047.0340
1782758606645823561,BUY,174.8621,174.9171,10,582.8040
1782758606646487840,SELL,174.9320,174.9171,10,1246.6400
1782758606696333765,BUY,174.8673,174.9222,10,818.4520
1782758606696954013,SELL,174.9372,174.9222,10,1437.9480
1782758606746530890,SELL,174.9372,174.9222,10,842.8700
1782758606796373122,SELL,174.9432,174.9182,10,420.1970
1782758606847033462,BUY,174.8832,174.9182,10,974.1440
1782758606897457079,BUY,174.8649,174.9099,10,1183.3700
1782758606946903685,BUY,174.8549,174.9099,10,541.1190
1782758606948032147,SELL,174.9249,174.9099,10,1666.0920
1782758606997284857,BUY,174.8522,174.9072,10,797.2760
1782758606997726401,SELL,174.9222,174.9072,10,1238.3680
1782758607047101905,BUY,174.8522,174.9072,10,517.0510
1782758607097703210,BUY,174.8330,174.8980,10,992.8530
1782758607148848368,SELL,174.8930,174.8980,10,1319.9440
1782758607249001628,BUY,174.8306,174.8956,10,1187.7410
1782758607249772071,SELL,174.9006,174.8956,10,1957.2620
1782758607298878518,BUY,174.8381,174.9031,10,876.0350
1782758607299436916,SELL,174.9081,174.9031,10,1433.6230
1782758607349449772,BUY,174.8381,174.9031,10,1350.9840
1782758607399195570,BUY,174.8190,174.8940,10,1013.7480
1782758607399686645,SELL,174.8890,174.8940,10,1504.4240
1782758607549647911,BUY,174.8273,174.9023,10,953.0700
1782758607550233337,SELL,174.8973,174.9023,10,1537.9790
1782758607599275184,BUY,174.8194,174.8944,10,448.5160
1782758607649818169,BUY,174.8094,174.8944,10,767.8950
1782758607650731783,SELL,174.8794,174.8944,10,1680.9590
1782758607699836593,BUY,174.8059,174.8909,10,685.3520
1782758607700265817,SELL,174.8759,174.8909,10,1114.0690
1782758607750296944,BUY,174.8059,174.8909,10,1069.7290
1782758607800043322,SELL,174.8594,174.8844,10,677.4980
1782758607850045623,BUY,174.7994,174.8844,10,589.0140
1782758607900625749,BUY,174.7877,174.8827,10,1071.3420
1782758607950686073,BUY,174.7777,174.8827,10,979.9480
1782758608000530035,BUY,174.7719,174.8868,10,710.3360
1782758608001491566,SELL,174.8418,174.8868,10,1671.0390
1782758608050858000,BUY,174.7719,174.8868,10,854.9860
1782758608100730759,SELL,174.8358,174.8909,10,541.5230
1782758608151405586,BUY,174.7759,174.8909,10,1046.4020
1782758608152229802,SELL,174.8458,174.8909,10,1867.2330
1782758608201494781,SELL,174.8540,174.8991,10,889.8470
1782758608251412396,SELL,174.8640,174.8991,10,714.9530
1782758608301986098,SELL,174.8698,174.8949,10,1139.4470
1782758608352156414,SELL,174.8798,174.8949,10,1170.7640
1782758608401718008,BUY,174.8125,174.8875,10,477.7890
1782758608402325290,SELL,174.8824,174.8875,10,1084.5340
1782758608452384851,BUY,174.8125,174.8875,10,1029.6760
1782758608453111652,SELL,174.8824,174.8875,10,1756.0600
1782758608502538242,SELL,174.8748,174.8798,10,1020.1510
1782758608552541981,BUY,174.8148,174.8798,10,925.3520
1782758608553410146,SELL,174.8848,174.8798,10,1789.7960
1782758608602542685,BUY,174.8068,174.8718,10,837.7560
1782758608603264645,SELL,174.8768,174.8718,10,1559.2720
1782758608652779869,BUY,174.8068,174.8718,10,895.8320
1782758608653547808,SELL,174.8768,174.8718,10,1662.8410
1782758608702466809,BUY,174.7981,174.8630,10,468.5290
1782758608703018295,SELL,174.8680,174.8630,10,1019.5540
1782758608752692778,SELL,174.8680,174.8630,10,385.9190
1782758608803312223,BUY,174.8175,174.8725,10,863.5700
1782758608803760920,SELL,174.8874,174.8725,10,1311.8540
1782758608853663934,BUY,174.8175,174.8725,10,940.3420
1782758608854509601,SELL,174.8874,174.8725,10,1785.1300
1782758608903209742,SELL,174.8777,174.8627,10,368.6390
1782758608953635475,BUY,174.8177,174.8627,10,630.7090
1782758608954196660,SELL,174.8877,174.8627,10,1188.2740
1782758609004071646,BUY,174.8178,174.8627,10,969.9440
1782758609054313684,BUY,174.8078,174.8627,10,1054.7120
1782758609103610213,SELL,174.8676,174.8627,10,242.4130
1782758609154958762,BUY,174.8077,174.8627,10,556.6430
1782758609155655473,SELL,174.8776,174.8627,10,1252.7840
1782758609255536646,BUY,174.8077,174.8627,10,802.3120
1782758609256557245,SELL,174.8777,174.8627,10,1822.4400
1782758609305266919,SELL,174.8817,174.8667,10,413.0710
1782758609355521123,BUY,174.8218,174.8667,10,549.6620
1782758609405947678,BUY,174.8068,174.8618,10,880.0600
1782758609456354074,BUY,174.7968,174.8618,10,1066.9020
1782758609506420128,BUY,174.7902,174.8652,10,994.3970
1782758609507096714,SELL,174.8602,174.8652,10,1670.3710
1782758609556291717,BUY,174.7902,174.8652,10,747.7740
1782758609557380421,SELL,174.8602,174.8652,10,1836.0450
1782758609606484542,BUY,174.7986,174.8735,10,830.5590
1782758609607422723,SELL,174.8685,174.8735,10,1767.9820
1782758609656385672,SELL,174.8685,174.8735,10,625.8230
1782758609756980414,BUY,174.8103,174.8753,10,851.3950
1782758609757973257,SELL,174.8803,174.8753,10,1841.4920
1782758609857025535,BUY,174.8097,174.8747,10,734.4550
1782758609907006955,BUY,174.8000,174.8749,10,632.7160
1782758609957145175,BUY,174.7900,174.8749,10,617.4300
1782758609958197538,SELL,174.8599,174.8749,10,1669.3330
1782758610057911711,BUY,174.7939,174.8789,10,1171.3340
1782758610107644983,SELL,174.8625,174.8876,10,703.9790
1782758610157773943,SELL,174.8725,174.8876,10,744.0890
1782758610207593146,SELL,174.8886,174.8936,10,452.3080
1782758610258268597,BUY,174.8286,174.8936,10,1052.0100
1782758610259270969,SELL,174.8986,174.8936,10,2053.9670
1782758610308116475,BUY,174.8197,174.8847,10,728.9840
1782758610309104612,SELL,174.8897,174.8847,10,1716.4960
1782758610357987541,SELL,174.8897,174.8847,10,424.3240
1782758610408600500,BUY,174.8258,174.8808,10,956.6870
1782758610458744326,BUY,174.8158,174.8808,10,865.4520
1782758610508680171,BUY,174.8089,174.8839,10,686.4350
1782758610508979978,SELL,174.8789,174.8839,10,985.7070
1782758610558430740,BUY,174.8089,174.8839,10,339.1790
1782758610559451713,SELL,174.8789,174.8839,10,1345.5000
1782758610609160205,BUY,174.8173,174.8922,10,938.1250
1782758610609795729,SELL,174.8872,174.8922,10,1573.2410
1782758610659525544,BUY,174.8173,174.8922,10,1194.0470
1782758610659885266,SELL,174.8872,174.8922,10,1553.4710
1782758610712381947,SELL,174.8927,174.8977,10,3950.9400
1782758610759179515,BUY,174.8328,174.8977,10,631.7080
1782758610759770468,SELL,174.9027,174.8977,10,1222.1120
1782758610809651901,BUY,174.8405,174.9055,10,976.6550
1782758610810185480,SELL,174.9104,174.9055,10,1507.8770
1782758610859792609,SELL,174.9104,174.9055,10,1011.3320
1782758610909594446,BUY,174.8434,174.8983,10,589.4580
1782758610910504224,SELL,174.9133,174.8983,10,1498.7180
1782758610960223212,BUY,174.8434,174.8983,10,943.4300
1782758611009910136,BUY,174.8329,174.8978,10,534.3850
1782758611010712045,SELL,174.9028,174.8978,10,1335.9200
1782758611060106647,BUY,174.8329,174.8978,10,573.7220
1782758611061052834,SELL,174.9028,174.8978,10,1519.4530
1782758611110617225,BUY,174.8384,174.9033,10,912.1790
1782758611111652840,SELL,174.9083,174.9033,10,1947.2070
1782758611160717154,SELL,174.9083,174.9033,10,885.2640
1782758611210770864,SELL,174.9243,174.9093,10,762.0450
1782758611311536609,BUY,174.8574,174.9023,10,1116.3120
1782758611312061760,SELL,174.9273,174.9023,10,1640.9080
1782758611361685074,BUY,174.8574,174.9023,10,1140.6590
1782758611362366509,SELL,174.9273,174.9023,10,1817.3090
1782758611411677545,BUY,174.8494,174.8943,10,965.7280
1782758611461794538,SELL,174.9093,174.8943,10,903.5300
1782758611511681804,SELL,174.9096,174.8846,10,568.3180
1782758611562479877,BUY,174.8497,174.8846,10,1102.9370
1782758611562891431,SELL,174.9196,174.8846,10,1513.4010
1782758611612046880,BUY,174.8431,174.8781,10,536.7550
1782758611662332617,BUY,174.8331,174.8781,10,548.3150
1782758611712691242,BUY,174.8272,174.8822,10,773.6530
1782758611713632398,SELL,174.8972,174.8822,10,1714.1420
1782758611762480888,SELL,174.8972,174.8822,10,448.3380
1782758611812719313,BUY,174.8344,174.8794,10,584.0920
1782758611813325906,SELL,174.9044,174.8794,10,1190.0340
1782758611862752460,BUY,174.8344,174.8794,10,464.0850
1782758611863275659,SELL,174.9044,174.8794,10,986.6490
1782758611963474874,BUY,174.8284,174.8734,10,901.5460
1782758611964250601,SELL,174.8984,174.8734,10,1676.6350
1782758612013603578,BUY,174.8327,174.8776,10,896.9480
1782758612063461541,BUY,174.8227,174.8776,10,630.4240
1782758612114456533,SELL,174.8775,174.8726,10,1471.2530
1782758612164150904,BUY,174.8176,174.8726,10,1057.1500
1782758612165043756,SELL,174.8875,174.8726,10,1945.4140
1782758612214071645,BUY,174.8135,174.8685,10,868.7150
1782758612214448908,SELL,174.8835,174.8685,10,1245.5370
1782758612264300170,SELL,174.8835,174.8685,10,985.8590
1782758612314301932,BUY,174.8203,174.8652,10,864.0470
1782758612314636436,SELL,174.8902,174.8652,10,1197.8660
1782758612414367145,BUY,174.8289,174.8739,10,626.3080
1782758612414977898,SELL,174.8988,174.8739,10,1236.3100
1782758612464939625,SELL,174.8988,174.8739,10,1068.6530
1782758612515065995,BUY,174.8466,174.8816,10,989.3900
1782758612516026257,SELL,174.9166,174.8816,10,1948.9280
1782758612564664829,BUY,174.8466,174.8816,10,349.7470
1782758612614962946,BUY,174.8365,174.8815,10,515.7260
1782758612615941580,SELL,174.9065,174.8815,10,1493.5350
1782758612665534731,BUY,174.8365,174.8815,10,986.5790
1782758612666240383,SELL,174.9065,174.8815,10,1691.5800
1782758612715402737,SELL,174.9138,174.8888,10,698.4270
1782758612765846031,SELL,174.9238,174.8888,10,971.6950
1782758612816155941,BUY,174.8690,174.8939,10,1046.1010
1782758612816999145,SELL,174.9389,174.8939,10,1888.2960
1782758612866209676,SELL,174.9389,174.8939,10,901.7150
1782758612916397528,SELL,174.9509,174.8959,10,903.1580
1782758612966649213,BUY,174.8910,174.8959,10,1032.9140
1782758613016607227,SELL,174.9592,174.9042,10,846.8100
1782758613066853051,BUY,174.8993,174.9042,10,922.3550
1782758613067466233,SELL,174.9692,174.9042,10,1534.5580
1782758613116701517,SELL,174.9705,174.9055,10,561.6140
1782758613166632775,BUY,174.9106,174.9055,10,376.7820
1782758613167088887,SELL,174.9805,174.9055,10,832.3260
1782758613217028514,SELL,174.9708,174.8958,10,607.6100
1782758613267536885,BUY,174.9109,174.8958,10,960.4690
1782758613267873482,SELL,174.9808,174.8958,10,1296.3150
1782758613317813170,BUY,174.9172,174.9021,10,1108.5240
1782758613318315214,SELL,174.9871,174.9021,10,1609.9730
1782758613417865959,BUY,174.9120,174.8969,10,956.9120
1782758613418880592,SELL,174.9819,174.8969,10,1970.7560
1782758613467795209,BUY,174.9120,174.8969,10,762.4240
1782758613468344838,SELL,174.9819,174.8969,10,1311.5330
1782758613517888335,BUY,174.9034,174.8883,10,711.1950
1782758613568407796,BUY,174.8934,174.8883,10,1088.5190
1782758613569413739,SELL,174.9633,174.8883,10,2093.7380
1782758613618392136,BUY,174.8859,174.8808,10,899.0710
1782758613668483528,BUY,174.8759,174.8808,10,858.1970
1782758613768379614,SELL,174.9405,174.8856,10,483.6200
1782758613819318614,BUY,174.8757,174.8807,10,1278.7600
1782758613820298327,SELL,174.9457,174.8807,10,2257.7350
1782758613919383652,SELL,174.9421,174.8771,10,1046.5800
1782758613969163569,BUY,174.8821,174.8771,10,704.9360
1782758614019183994,BUY,174.8740,174.8790,10,592.3690
1782758614069564058,BUY,174.8640,174.8790,10,848.2120
1782758614070223997,SELL,174.9340,174.8790,10,1507.1830
1782758614119318395,BUY,174.8703,174.8852,10,468.5350
1782758614169718076,BUY,174.8603,174.8852,10,774.3930
1782758614170324211,SELL,174.9302,174.8852,10,1376.8940
1782758614220276311,BUY,174.8655,174.8905,10,1186.6940
1782758614220988405,SELL,174.9354,174.8905,10,1897.8150
1782758614270348275,BUY,174.8655,174.8905,10,1113.3610
1782758614271111596,SELL,174.9354,174.8905,10,1875.6700
1782758614319938609,BUY,174.8574,174.8824,10,590.6300
1782758614320772348,SELL,174.9273,174.8824,10,1423.5600
1782758614370399428,BUY,174.8574,174.8824,10,955.2010
1782758614370862033,SELL,174.9273,174.8824,10,1417.2860
1782758614520422912,BUY,174.8575,174.8825,10,553.3130
1782758614520859315,SELL,174.9275,174.8825,10,989.0460
1782758614570646419,BUY,174.8575,174.8825,10,617.5450
1782758614571217719,SELL,174.9275,174.8825,10,1184.1690
1782758614621082338,BUY,174.8581,174.8830,10,927.8460
1782758614622002418,SELL,174.9280,174.8830,10,1847.4330
1782758614670766012,BUY,174.8581,174.8830,10,435.5720
1782758614721412450,BUY,174.8465,174.8814,10,895.2710
1782758614722336022,SELL,174.9164,174.8814,10,1818.0650
1782758614771372049,SELL,174.9164,174.8814,10,690.3840
1782758614822146579,BUY,174.8665,174.8915,10,1259.8770
1782758614871560994,BUY,174.8565,174.8915,10,534.1680
1782758614921637461,BUY,174.8521,174.8971,10,480.4000
1782758614922012065,SELL,174.9221,174.8971,10,854.3020
1782758614971954842,BUY,174.8521,174.8971,10,703.3370
1782758614972371966,SELL,174.9221,174.8971,10,1117.0660
1782758615021778860,BUY,174.8473,174.8923,10,383.1570
1782758615071983568,BUY,174.8373,174.8923,10,470.5500
1782758615122376639,BUY,174.8319,174.8969,10,710.3540
1782758615123089628,SELL,174.9019,174.8969,10,1422.5000
1782758615172603684,BUY,174.8319,174.8969,10,795.1280
1782758615222699701,BUY,174.8134,174.8884,10,752.1540
1782758615223711658,SELL,174.8834,174.8884,10,1762.9750
1782758615272393174,BUY,174.8134,174.8884,10,352.4380
1782758615272907571,SELL,174.8834,174.8884,10,866.2810
1782758615322551665,SELL,174.8850,174.8900,10,277.9620
1782758615423428567,BUY,174.8280,174.8930,10,876.2280
1782758615424004053,SELL,174.8980,174.8930,10,1450.7450
1782758615473346903,SELL,174.8980,174.8930,10,688.0220
1782758615523586465,SELL,174.9145,174.8995,10,786.7890
1782758615574006045,BUY,174.8545,174.8995,10,1085.5170
1782758615623563294,BUY,174.8440,174.8990,10,489.0890
1782758615673887523,SELL,174.9040,174.8990,10,682.8790
1782758615824723458,BUY,174.8579,174.9129,10,1042.5780
1782758615825060037,SELL,174.9279,174.9129,10,1378.5750
1782758615874263207,BUY,174.8579,174.9129,10,453.0700
1782758615924357547,SELL,174.9164,174.9114,10,405.5450
1782758615975202954,BUY,174.8564,174.9114,10,1037.9940
1782758615975982757,SELL,174.9264,174.9114,10,1817.2060
1782758616024619319,BUY,174.8564,174.9114,10,339.4450
1782758616025084969,SELL,174.9264,174.9114,10,804.4860
1782758616075585016,BUY,174.8564,174.9114,10,1172.3400
1782758616076331580,SELL,174.9264,174.9114,10,1918.2220
1782758616125668427,SELL,174.9180,174.9030,10,1077.5760
1782758616175318677,SELL,174.9280,174.9030,10,562.2330
1782758616225910688,BUY,174.8581,174.8931,10,936.7980
1782758616226384137,SELL,174.9281,174.8931,10,1409.4580
1782758616275944355,BUY,174.8581,174.8931,10,695.0920
1782758616276947566,SELL,174.9281,174.8931,10,1697.5840
1782758616326381966,BUY,174.8644,174.8994,10,932.2120
1782758616326716912,SELL,174.9344,174.8994,10,1266.4040
1782758616377196710,BUY,174.8644,174.8994,10,1535.6530
1782758616426391078,BUY,174.8497,174.8947,10,533.8470
1782758616427058532,SELL,174.9197,174.8947,10,1200.5500
1782758616477008791,BUY,174.8497,174.8947,10,1002.8320
1782758616477328981,SELL,174.9197,174.8947,10,1322.2800
1782758616526899212,BUY,174.8467,174.8917,10,798.5870
1782758616576906318,BUY,174.8367,174.8917,10,683.1080
1782758616577676682,SELL,174.9067,174.8917,10,1449.3710
1782758616627097960,SELL,174.8998,174.8848,10,763.0840
1782758616677696131,SELL,174.9098,174.8848,10,1211.7500
1782758616727104006,BUY,174.8504,174.8854,10,501.9770
1782758616727729651,SELL,174.9204,174.8854,10,1126.9770
1782758616777224683,BUY,174.8504,174.8854,10,474.6790
1782758616827300013,BUY,174.8344,174.8793,10,420.6420
1782758616828113291,SELL,174.9043,174.8793,10,1233.2240
1782758616877460235,SELL,174.9043,174.8793,10,448.0020
1782758616928222093,SELL,174.9213,174.8863,10,1049.0260
1782758616977794422,BUY,174.8614,174.8863,10,513.6220
1782758617028010644,BUY,174.8480,174.8830,10,596.4710
1782758617028922202,SELL,174.9179,174.8830,10,1507.1420
1782758617128631990,BUY,174.8489,174.8839,10,910.8690
1782758617129454284,SELL,174.9189,174.8839,10,1732.0660
1782758617228490412,BUY,174.8451,174.8801,10,572.5350
1782758617229081292,SELL,174.9151,174.8801,10,1162.7300
1782758617278882990,BUY,174.8451,174.8801,10,789.5690
1782758617329160645,BUY,174.8310,174.8760,10,911.2360
1782758617379494548,BUY,174.8210,174.8760,10,1153.6830
1782758617380190297,SELL,174.8910,174.8760,10,1846.6230
1782758617579874392,BUY,174.8333,174.8883,10,884.9130
1782758617580670915,SELL,174.9032,174.8883,10,1680.5080
1782758617629749018,BUY,174.8288,174.8838,10,604.0280
1782758617679976921,SELL,174.8887,174.8838,10,628.3550
1782758617730288624,BUY,174.8227,174.8777,10,812.9650
1782758617780468477,BUY,174.8127,174.8777,10,858.8320
1782758617881026495,BUY,174.8020,174.8770,10,1104.3080
1782758617881684259,SELL,174.8720,174.8770,10,1761.6440
1782758617930863139,BUY,174.8027,174.8776,10,864.0190
1782758617931171708,SELL,174.8726,174.8776,10,1172.1580
1782758617981007713,BUY,174.8027,174.8776,10,884.5480
1782758617981352387,SELL,174.8726,174.8776,10,1228.5720
1782758618081464038,BUY,174.8040,174.8789,10,1135.5330
1782758618131521084,BUY,174.7948,174.8798,10,1042.4480
1782758618132272189,SELL,174.8647,174.8798,10,1792.7460
1782758618181236863,BUY,174.7948,174.8798,10,619.6800
1782758618181851239,SELL,174.8647,174.8798,10,1228.6940
1782758618231195743,BUY,174.8047,174.8897,10,466.9290
1782758618231510773,SELL,174.8747,174.8897,10,781.3610
1782758618281381185,BUY,174.8047,174.8897,10,406.6870
1782758618331772422,BUY,174.8015,174.8965,10,600.2690
1782758618332360000,SELL,174.8715,174.8965,10,1186.9720
1782758618382516860,BUY,174.8015,174.8965,10,1205.3750
1782758618432229392,BUY,174.7956,174.9006,10,806.2500
1782758618532719411,BUY,174.7774,174.8924,10,906.0650
1782758618533491971,SELL,174.8474,174.8924,10,1677.9120
1782758618582624369,BUY,174.7774,174.8924,10,671.3670
1782758618583405044,SELL,174.8474,174.8924,10,1447.1220
1782758618633129535,BUY,174.7702,174.8852,10,974.3880
1782758618633867543,SELL,174.8402,174.8852,10,1711.6550
1782758618683338487,SELL,174.8402,174.8852,10,1036.0480
1782758618782925403,SELL,174.8498,174.8848,10,423.3200
1782758618833357402,BUY,174.7996,174.8945,10,721.8640
1782758618833629561,SELL,174.8695,174.8945,10,993.4870
1782758618933880105,SELL,174.8609,174.8859,10,1011.9050
1782758618984080294,SELL,174.8709,174.8859,10,1086.0500
1782758619033990977,BUY,174.8058,174.8808,10,850.1490
1782758619034904527,SELL,174.8757,174.8808,10,1763.0970
1782758619083986848,BUY,174.8058,174.8808,10,735.3660
1782758619134370337,BUY,174.7983,174.8833,10,972.7260
1782758619135211445,SELL,174.8683,174.8833,10,1812.8450
1782758619184499782,BUY,174.7983,174.8833,10,1010.1300
1782758619185209044,SELL,174.8683,174.8833,10,1718.7580
1782758619234748042,SELL,174.8783,174.8933,10,1090.4990
1782758619284854523,BUY,174.8183,174.8933,10,939.2950
1782758619285671199,SELL,174.8883,174.8933,10,1755.1050
1782758619335007894,SELL,174.8981,174.9031,10,946.1810
1782758619385370792,BUY,174.8381,174.9031,10,1172.7990
1782758619385901568,SELL,174.9081,174.9031,10,1700.7040
1782758619435283981,SELL,174.9153,174.9103,10,902.2190
1782758619485441975,BUY,174.8553,174.9103,10,941.4740
1782758619486453193,SELL,174.9253,174.9103,10,1952.1120
1782758619535489576,BUY,174.8561,174.9111,10,877.5220
1782758619535873828,SELL,174.9261,174.9111,10,1261.0760
1782758619585392914,SELL,174.9261,174.9111,10,611.6830
1782758619635367171,BUY,174.8650,174.9100,10,470.0040
1782758619636143518,SELL,174.9350,174.9100,10,1245.7150
1782758619735941372,SELL,174.9404,174.9154,10,761.4220
1782758619785720085,BUY,174.8804,174.9154,10,346.1600
1782758619786106805,SELL,174.9504,174.9154,10,729.4400
1782758619836113721,BUY,174.8867,174.9217,10,568.8240
1782758619836771235,SELL,174.9566,174.9217,10,1225.2600
1782758619886715769,BUY,174.8867,174.9217,10,993.5190
1782758619936478489,SELL,174.9554,174.9304,10,616.0760
1782758619986862330,BUY,174.8954,174.9304,10,657.3010
1782758619987828654,SELL,174.9654,174.9304,10,1622.6100
1782758620037300176,BUY,174.8986,174.9336,10,953.9380
1782758620037876458,SELL,174.9686,174.9336,10,1529.2960
1782758620087722106,SELL,174.9686,174.9336,10,1127.5120
1782758620137954802,SELL,174.9744,174.9294,10,1244.7010
1782758620187915262,BUY,174.9144,174.9294,10,1004.4980
1782758620188847858,SELL,174.9844,174.9294,10,1933.4250
1782758620237852198,SELL,174.9894,174.9344,10,784.1610
1782758620288155389,SELL,174.9994,174.9344,10,821.0940
1782758620338280423,BUY,174.9322,174.9272,10,828.6620
1782758620388208626,SELL,174.9922,174.9272,10,650.1780
1782758620488735802,BUY,174.9413,174.9363,10,906.6480
1782758620489156911,SELL,175.0113,174.9363,10,1326.9090
1782758620539080605,SELL,175.0200,174.9450,10,951.6890
1782758620589091541,BUY,174.9601,174.9450,10,805.7400
1782758620589703359,SELL,175.0300,174.9450,10,1415.0690
1782758620639364655,SELL,175.0336,174.9486,10,981.4440
1782758620688996826,BUY,174.9736,174.9486,10,535.7420
1782758620689340074,SELL,175.0436,174.9486,10,878.6640
1782758620739220813,BUY,174.9648,174.9397,10,542.0870
1782758620739833044,SELL,175.0347,174.9397,10,1153.5120
1782758620789540389,BUY,174.9648,174.9397,10,727.4930
1782758620839907194,BUY,174.9454,174.9304,10,856.0680
1782758620890054995,BUY,174.9354,174.9304,10,888.6230
1782758620890441303,SELL,175.0054,174.9304,10,1274.1520
1782758620940118948,BUY,174.9440,174.9390,10,860.3620
1782758621040618947,BUY,174.9311,174.9361,10,1086.4110
1782758621041477852,SELL,175.0011,174.9361,10,1944.0670
1782758621140294730,BUY,174.9308,174.9358,10,575.4290
1782758621190251230,BUY,174.9208,174.9358,10,428.5770
1782758621190803268,SELL,174.9908,174.9358,10,980.2220
1782758621240775021,BUY,174.9299,174.9449,10,749.7540
1782758621241746710,SELL,174.9999,174.9449,10,1720.5030
1782758621291241610,BUY,174.9299,174.9449,10,1102.2770
1782758621291977052,SELL,174.9999,174.9449,10,1837.3100
1782758621341248844,BUY,174.9247,174.9397,10,961.2990
1782758621342344248,SELL,174.9947,174.9397,10,2056.1000
1782758621391352647,BUY,174.9247,174.9397,10,987.3770
1782758621391807730,SELL,174.9947,174.9397,10,1440.1970
1782758621441202846,BUY,174.9282,174.9432,10,673.1360
1782758621441848555,SELL,174.9982,174.9432,10,1317.8850
1782758621491769461,BUY,174.9282,174.9432,10,551.7370
1782758621492700372,SELL,174.9982,174.9432,10,1481.9830
1782758621592296704,BUY,174.9245,174.9395,10,767.3470
1782758621592720437,SELL,174.9945,174.9395,10,1190.5780
1782758621642004342,BUY,174.9320,174.9470,10,329.0590
1782758621692377377,SELL,174.9920,174.9470,10,433.6980
1782758621742776435,BUY,174.9293,174.9443,10,547.4150
1782758621743733370,SELL,174.9992,174.9443,10,1503.3960
1782758621793047151,SELL,174.9992,174.9443,10,733.7270
1782758621843499553,BUY,174.9327,174.9377,10,1079.1740
1782758621844391958,SELL,175.0027,174.9377,10,1971.2740
1782758621893315355,BUY,174.9327,174.9377,10,723.2010
1782758621894040905,SELL,175.0027,174.9377,10,1437.9110
1782758621943395765,BUY,174.9395,174.9445,10,541.7440
1782758621993937492,BUY,174.9295,174.9445,10,900.3980
1782758621995011063,SELL,174.9995,174.9445,10,1973.4450
1782758622043968108,SELL,175.0049,174.9499,10,827.8950
1782758622094238738,SELL,175.0149,174.9499,10,907.2310
1782758622145046459,BUY,174.9469,174.9419,10,1451.9890
1782758622146073839,SELL,175.0169,174.9419,10,2478.6190
1782758622194309808,BUY,174.9469,174.9419,10,598.8040
1782758622194928791,SELL,175.0169,174.9419,10,1215.3550
1782758622244139631,BUY,174.9544,174.9494,10,348.9310
1782758622244756064,SELL,175.0244,174.9494,10,964.6710
1782758622294319689,BUY,174.9544,174.9494,10,383.1900
1782758622294807951,SELL,175.0244,174.9494,10,871.0010
1782758622344870885,BUY,174.9520,174.9470,10,782.2210
1782758622395195067,SELL,175.0120,174.9470,10,933.6330
1782758622445184691,SELL,175.0155,174.9405,10,642.3240
1782758622496046741,BUY,174.9555,174.9405,10,1429.2670
1782758622545192254,BUY,174.9375,174.9325,10,442.9540
1782758622546051994,SELL,175.0075,174.9325,10,1302.2480
1782758622595481307,BUY,174.9375,174.9325,10,568.9740
1782758622596001332,SELL,175.0075,174.9325,10,1086.6520
1782758622646122677,BUY,174.9410,174.9360,10,1010.5800
1782758622646565971,SELL,175.0110,174.9360,10,1453.4420
1782758622746066100,BUY,174.9498,174.9448,10,662.7740
1782758622746883133,SELL,175.0198,174.9448,10,1479.3870
1782758622796238697,BUY,174.9498,174.9448,10,637.4600
1782758622846191657,SELL,175.0119,174.9469,10,502.4280
1782758622896374993,BUY,174.9519,174.9469,10,613.9270
1782758622897393681,SELL,175.0219,174.9469,10,1632.3070
1782758622946601311,BUY,174.9600,174.9550,10,755.5370
1782758622996435573,BUY,174.9500,174.9550,10,431.8320
1782758622997135421,SELL,175.0200,174.9550,10,1128.9500
1782758623047286155,SELL,175.0127,174.9477,10,1183.8280
1782758623097226318,BUY,174.9527,174.9477,10,1002.1620
1782758623146836213,SELL,175.0197,174.9547,10,527.9370
1782758623197289737,BUY,174.9597,174.9547,10,899.9120
1782758623198139883,SELL,175.0297,174.9547,10,1749.5970
1782758623247056041,BUY,174.9623,174.9573,10,552.9370
1782758623247532012,SELL,175.0323,174.9573,10,1028.0930
1782758623297272608,BUY,174.9623,174.9573,10,648.8060
1782758623347468662,BUY,174.9608,174.9658,10,758.9870
1782758623348438427,SELL,175.0308,174.9658,10,1728.3070
1782758623397849483,BUY,174.9608,174.9658,10,971.3110
1782758623447866760,SELL,175.0294,174.9745,10,852.2260
1782758623497733226,SELL,175.0394,174.9745,10,565.9790
1782758623547978792,BUY,174.9847,174.9797,10,722.7980
1782758623598445878,BUY,174.9747,174.9797,10,1013.0780
1782758623598870061,SELL,175.0447,174.9797,10,1436.8330
1782758623648378744,BUY,174.9759,174.9809,10,874.8990
1782758623648724676,SELL,175.0459,174.9809,10,1220.4310
1782758623698284241,BUY,174.9759,174.9809,10,659.2590
1782758623698970082,SELL,175.0459,174.9809,10,1344.6620
1782758623748591100,BUY,174.9762,174.9812,10,845.5570
1782758623798667529,BUY,174.9662,174.9812,10,585.0430
1782758623799683338,SELL,175.0362,174.9812,10,1597.3440
1782758623899423499,BUY,174.9564,174.9714,10,1093.8160
1782758623900103015,SELL,175.0264,174.9714,10,1772.6060
1782758623948876888,BUY,174.9570,174.9720,10,466.6280
1782758623949310173,SELL,175.0270,174.9720,10,899.4840
1782758623999339818,BUY,174.9570,174.9720,10,784.0320
1782758623999949161,SELL,175.0270,174.9720,10,1392.9000
1782758624099905624,BUY,174.9572,174.9722,10,1108.5140
1782758624100450706,SELL,175.0272,174.9722,10,1652.8960
1782758624149878375,BUY,174.9527,174.9677,10,976.0630
1782758624150438977,SELL,175.0227,174.9677,10,1536.2620
1782758624199837684,BUY,174.9527,174.9677,10,860.9760
1782758624200771384,SELL,175.0227,174.9677,10,1792.3280
1782758624250093045,BUY,174.9485,174.9635,10,1042.2380
1782758624251138302,SELL,175.0184,174.9635,10,2087.1900
1782758624350312952,SELL,175.0120,174.9570,10,1040.4230
1782758624400504916,SELL,175.0220,174.9570,10,1148.8980
1782758624450165020,BUY,174.9536,174.9486,10,648.7570
1782758624500393593,BUY,174.9436,174.9486,10,720.9330
1782758624501378605,SELL,175.0136,174.9486,10,1705.0250
1782758624550409312,BUY,174.9496,174.9546,10,653.0800
1782758624550695767,SELL,175.0196,174.9546,10,939.1000
1782758624600621836,SELL,175.0196,174.9546,10,711.0940
1782758624651028929,BUY,174.9612,174.9562,10,812.5220
1782758624651903356,SELL,175.0312,174.9562,10,1686.5060
1782758624701001277,SELL,175.0312,174.9562,10,675.0970
1782758624751250330,BUY,174.9638,174.9488,10,729.0240
1782758624751993885,SELL,175.0338,174.9488,10,1472.1420
1782758624801564437,SELL,175.0338,174.9488,10,858.9050
1782758624851979451,BUY,174.9715,174.9465,10,1043.3200
1782758624852647529,SELL,175.0415,174.9465,10,1710.9360
1782758624901877325,SELL,175.0415,174.9465,10,794.8290
1782758624952202267,BUY,174.9850,174.9500,10,911.2270
1782758625002415201,BUY,174.9750,174.9500,10,1008.9620
1782758625003069848,SELL,175.0450,174.9500,10,1660.7350
1782758625052221352,SELL,175.0357,174.9407,10,641.0360
1782758625103043613,SELL,175.0457,174.9407,10,1224.9600
1782758625152786499,BUY,174.9834,174.9384,10,702.5250
1782758625202976161,BUY,174.9734,174.9384,10,795.2190
1782758625203543231,SELL,175.0434,174.9384,10,1361.8240
1782758625252868113,SELL,175.0477,174.9428,10,548.9800
1782758625353449751,BUY,174.9897,174.9447,10,957.8900
1782758625354217230,SELL,175.0597,174.9447,10,1724.8210
1782758625403274057,BUY,174.9897,174.9447,10,668.8600
1782758625453832060,BUY,174.9792,174.9442,10,1144.1470
1782758625454510468,SELL,175.0492,174.9442,10,1822.0620
1782758625503448697,SELL,175.0492,174.9442,10,551.4960
1782758625554145273,SELL,175.0588,174.9438,10,987.7670
1782758625653818897,BUY,174.9924,174.9374,10,451.6790
1782758625704199172,BUY,174.9824,174.9374,10,741.0350
1782758625705098610,SELL,175.0524,174.9374,10,1639.9160
1782758625755108583,BUY,174.9890,174.9440,10,1052.0190
1782758625756014341,SELL,175.0590,174.9440,10,1957.2930
1782758625855119135,BUY,174.9815,174.9365,10,634.2150
1782758625905456577,SELL,175.0415,174.9365,10,817.5490
1782758625956045409,BUY,174.9733,174.9283,10,1267.4530
1782758625956529763,SELL,175.0432,174.9283,10,1751.3720
1782758626005717752,BUY,174.9733,174.9283,10,830.0240
1782758626006600018,SELL,175.0432,174.9283,10,1711.9410
1782758626055951928,BUY,174.9806,174.9356,10,972.0700
1782758626056320468,SELL,175.0506,174.9356,10,1340.1900
1782758626105977111,BUY,174.9806,174.9356,10,922.9390
1782758626106612646,SELL,175.0506,174.9356,10,1558.1270
1782758626156375600,BUY,174.9820,174.9370,10,1240.1480
1782758626156957213,SELL,175.0520,174.9370,10,1821.3340
1782758626256244701,BUY,174.9779,174.9329,10,943.9910
1782758626306194925,SELL,175.0378,174.9329,10,784.6350
1782758626356375447,BUY,174.9761,174.9311,10,638.5820
1782758626357159724,SELL,175.0461,174.9311,10,1421.3960
1782758626406579059,BUY,174.9761,174.9311,10,598.6030
1782758626456714049,BUY,174.9758,174.9408,10,541.4580
1782758626457579129,SELL,175.0458,174.9408,10,1406.0710
1782758626506919680,SELL,175.0458,174.9408,10,667.7810
1782758626556785475,BUY,174.9808,174.9358,10,424.7870
1782758626557638557,SELL,175.0507,174.9358,10,1277.5280
1782758626607273693,BUY,174.9808,174.9358,10,802.2290
1782758626607556497,SELL,175.0507,174.9358,10,1082.0220
1782758626659591785,SELL,175.0442,174.9292,10,932.1230
1782758626709759225,BUY,174.9842,174.9292,10,962.0010
1782758626759825018,SELL,175.0412,174.9262,10,876.5880
1782758626809684677,BUY,174.9812,174.9262,10,658.5590
1782758626859637159,BUY,174.9692,174.9242,10,463.7700
1782758626860155057,SELL,175.0391,174.9242,10,981.2680
1782758626910370733,BUY,174.9692,174.9242,10,996.2780
1782758626911254272,SELL,175.0391,174.9339,10,1878.9070
1782758626959856622,BUY,174.9789,174.9339,10,265.1170
1782758626960550555,SELL,175.0489,174.9339,10,957.7860
1782758627010388973,SELL,175.0489,174.9339,10,704.2860
1782758627060843795,BUY,174.9951,174.9401,10,971.1670
1782758627111323708,BUY,174.9851,174.9488,10,683.8480
1782758627161149801,BUY,174.9838,174.9488,10,429.9250
1782758627161545958,SELL,175.0538,174.9488,10,825.7280
1782758627211854889,SELL,175.0538,174.9529,10,1063.1670
1782758627261564955,SELL,175.0679,174.9529,10,450.8390
1782758627312057591,BUY,175.0079,174.9529,10,801.6400
1782758627313034244,SELL,175.0779,174.9529,10,1777.6290
1782758627362346328,BUY,175.0091,174.9541,10,901.0180
1782758627462765818,SELL,175.0603,174.9453,10,1058.0400
1782758627512574163,BUY,175.0003,174.9453,10,826.0960
1782758627513114439,SELL,175.0703,174.9453,10,1365.9010
1782758627562459680,SELL,175.0740,174.9490,10,622.9460
1782758627612535694,BUY,175.0140,174.9490,10,595.4320
1782758627662931314,SELL,175.0697,174.9447,10,912.7810
1782758627713005515,BUY,175.0097,174.9447,10,896.8960
1782758627762981334,SELL,175.0752,174.9502,10,737.0880
1782758627813134996,BUY,175.0152,174.9502,10,734.8130
1782758627863462477,BUY,175.0133,174.9583,10,944.5000
1782758627864203545,SELL,175.0833,174.9583,10,1684.6120
1782758627913360115,SELL,175.0833,174.9583,10,610.1730
1782758628013761282,BUY,175.0158,174.9508,10,585.7790
1782758628164868404,BUY,175.0007,174.9457,10,1241.6640
1782758628165390444,SELL,175.0707,174.9457,10,1763.2470
1782758628264853296,BUY,174.9995,174.9445,10,1029.9030
1782758628314969208,BUY,174.9895,174.9445,10,928.3640
1782758628315984044,SELL,175.0595,174.9445,10,1942.7320
1782758628364977474,BUY,174.9961,174.9511,10,804.4190
1782758628365699747,SELL,175.0661,174.9511,10,1526.3100
1782758628415119612,BUY,174.9961,174.9511,10,782.0330
1782758628465382354,BUY,174.9826,174.9476,10,918.6460
1782758628465682146,SELL,175.0526,174.9476,10,1217.9680
1782758628515534309,BUY,174.9826,174.9476,10,967.5060
1782758628516082675,SELL,175.0526,174.9476,10,1515.2930
1782758628565157190,BUY,174.9734,174.9384,10,464.4020
1782758628615210684,SELL,175.0334,174.9384,10,431.3960
1782758628665700285,BUY,174.9665,174.9315,10,819.1770
1782758628666285792,SELL,175.0365,174.9315,10,1404.2320
1782758628716269149,BUY,174.9665,174.9315,10,1128.8210
1782758628766195094,BUY,174.9595,174.9345,10,962.3050
1782758628767025919,SELL,175.0295,174.9345,10,1792.7140
1782758628816593811,SELL,175.0295,174.9345,10,1105.0950
1782758628866401134,BUY,174.9596,174.9246,10,820.0360
1782758628866859404,SELL,175.0296,174.9246,10,1277.9000
1782758629017260061,BUY,174.9585,174.9171,10,988.6570
1782758629017580870,SELL,175.0284,174.9171,10,1308.8560
1782758629117266501,BUY,174.9521,174.9131,10,587.5920
1782758629118209231,SELL,175.0221,174.9131,10,1529.7410
1782758629167393152,SELL,175.0181,174.9131,10,638.1180
1782758629268509905,BUY,174.9522,174.9072,10,1507.8330
1782758629269471945,SELL,175.0222,174.9072,10,2469.4710
1782758629317838537,BUY,174.9522,174.9074,10,681.3870
1782758629318680345,SELL,175.0222,174.9074,10,1521.8580
1782758629368289115,BUY,174.9524,174.9074,10,792.5780
1782758629369304688,SELL,175.0224,174.9074,10,1807.2450
1782758629418254398,SELL,175.0224,174.9007,10,677.8640
1782758629468523779,BUY,174.9557,174.9007,10,820.7600
1782758629468903918,SELL,175.0257,174.9007,10,1200.3770
1782758629518245613,SELL,175.0346,174.9096,10,402.5810
1782758629668845395,BUY,174.9687,174.9037,10,488.2640
1782758629719271780,BUY,174.9687,174.9137,10,782.4040
1782758629720001246,SELL,175.0386,174.9137,10,1511.0120
1782758629819684830,BUY,174.9631,174.9080,10,1019.8980
1782758629820603435,SELL,175.0330,174.9080,10,1938.0770
1782758629869971123,BUY,174.9631,174.9080,10,1207.3830
1782758629919981281,SELL,175.0243,174.9093,10,1121.9700
1782758629970168631,BUY,174.9644,174.9093,10,987.1220
1782758629970491348,SELL,175.0343,174.9093,10,1309.2060
1782758630020197349,SELL,175.0425,174.9175,10,921.0570
1782758630170403136,BUY,174.9917,174.9267,10,632.2750
1782758630221111517,BUY,174.9898,174.9348,10,1148.5630
1782758630221774883,SELL,175.0598,174.9348,10,1811.5150
1782758630270886624,SELL,175.0598,174.9348,10,731.8020
1782758630320980824,BUY,175.0041,174.9391,10,603.2580
1782758630371202994,SELL,175.0640,174.9391,10,594.8040
1782758630421895631,BUY,174.9992,174.9342,10,1174.7160
1782758630471893518,BUY,174.9892,174.9342,10,949.8290
1782758630472799618,SELL,175.0592,174.9342,10,1855.4380
1782758630521943876,SELL,175.0656,174.9406,10,855.9780
1782758630572507707,BUY,175.0056,174.9406,10,1220.1550
1782758630622045358,BUY,174.9994,174.9444,10,683.1710
1782758630622489319,SELL,175.0694,174.9444,10,1126.7220
1782758630672747326,BUY,174.9994,174.9444,10,1271.3700
1782758630722207260,BUY,174.9934,174.9484,10,586.3350
1782758630772980081,BUY,174.9834,174.9484,10,1189.3870
1782758630773291010,SELL,175.0534,174.9484,10,1499.9050
1782758630923091917,SELL,175.0578,174.9528,10,882.2840
1782758630973110816,BUY,174.9978,174.9528,10,649.0250
1782758631023454419,SELL,175.0666,174.9616,10,907.7110
1782758631073509304,BUY,175.0066,174.9616,10,789.7150
1782758631074585738,SELL,175.0766,174.9616,10,1865.7350
1782758631123729779,BUY,175.0057,174.9607,10,843.2060
1782758631124353755,SELL,175.0757,174.9607,10,1466.7950
1782758631173547297,BUY,175.0057,174.9607,10,586.1660
1782758631174495961,SELL,175.0757,174.9607,10,1534.4280
1782758631223826615,BUY,175.0112,174.9662,10,794.9530
1782758631224350830,SELL,175.0812,174.9662,10,1318.7840
1782758631273723778,SELL,175.0812,174.9662,10,569.7730
1782758631324085857,BUY,175.0259,174.9708,10,819.0270
1782758631374334134,BUY,175.0159,174.9708,10,842.9800
1782758631424398272,SELL,175.0695,174.9645,10,772.4130
1782758631474794233,BUY,175.0095,174.9645,10,1095.3160
1782758631475311517,SELL,175.0795,174.9645,10,1612.1820
1782758631525201719,BUY,175.0046,174.9596,10,1142.8300
1782758631624934288,BUY,174.9912,174.9562,10,713.6830
1782758631625516801,SELL,175.0611,174.9562,10,1295.7120
1782758631674780126,BUY,174.9912,174.9562,10,427.1870
1782758631675232246,SELL,175.0611,174.9562,10,878.9120
1782758631724871353,SELL,175.0660,174.9610,10,341.0980
1782758631826007039,BUY,175.0069,174.9619,10,1126.5870
1782758631826587908,SELL,175.0769,174.9619,10,1706.9720
1782758631875898106,BUY,175.0069,174.9619,10,940.7680
1782758631876767996,SELL,175.0769,174.9619,10,1810.2510
1782758631926187522,BUY,175.0141,174.9691,10,1040.6630
1782758631926957036,SELL,175.0841,174.9691,10,1809.5400
1782758631976083548,SELL,175.0841,174.9691,10,697.8000
1782758632026048275,SELL,175.0893,174.9643,10,561.5990
1782758632176493142,BUY,175.0233,174.9583,10,695.8020
1782758632226494946,SELL,175.0911,174.9661,10,589.8120
1782758632326912884,BUY,175.0265,174.9615,10,732.1970
1782758632376828213,BUY,175.0165,174.9615,10,538.3520
1782758632377852897,SELL,175.0865,174.9615,10,1562.5790
1782758632427549860,BUY,175.0132,174.9582,10,1138.0120
1782758632476994143,BUY,175.0032,174.9582,10,477.0280
1782758632477941200,SELL,175.0731,174.9582,10,1423.2840
1782758632527493664,SELL,175.0675,174.9525,10,883.2180
1782758632577435833,BUY,175.0075,174.9525,10,728.1090
1782758632578219214,SELL,175.0775,174.9525,10,1511.0000
1782758632627684166,SELL,175.0757,174.9507,10,889.6740
1782758632677538018,BUY,175.0158,174.9507,10,644.2690
1782758632727424593,BUY,175.0013,174.9463,10,407.8520
1782758632828976867,BUY,174.9858,174.9407,10,1683.8880
1782758632829425787,SELL,175.0557,174.9407,10,2132.2980
1782758632877825361,SELL,175.0557,174.9407,10,455.9900
1782758632928317640,BUY,175.0028,174.9478,10,879.8600
1782758632928713813,SELL,175.0728,174.9478,10,1275.6250
1782758632978203375,BUY,175.0028,174.9478,10,671.9560
1782758632979264805,SELL,175.0728,174.9478,10,1733.0070
1782758633028355818,BUY,174.9946,174.9396,10,742.9340
1782758633029448267,SELL,175.0645,174.9396,10,1835.0300
1782758633078203408,BUY,174.9946,174.9396,10,490.0550
1782758633079080280,SELL,175.0645,174.9396,10,1366.4680
1782758633128382150,BUY,175.0034,174.9484,10,584.8620
1782758633178906035,BUY,174.9934,174.9484,10,903.0350
1782758633179552816,SELL,175.0634,174.9484,10,1549.1910
1782758633228812777,BUY,174.9982,174.9532,10,722.3780
1782758633279394581,BUY,174.9882,174.9532,10,1203.1400
1782758633279828589,SELL,175.0582,174.9532,10,1636.7840
1782758633328893626,BUY,174.9936,174.9586,10,507.5630
1782758633329540077,SELL,175.0636,174.9586,10,1153.4560
1782758633379676257,BUY,174.9936,174.9586,10,1215.4870
1782758633380356232,SELL,175.0636,174.9586,10,1895.0320
1782758633429404255,BUY,174.9923,174.9573,10,860.9660
1782758633430076826,SELL,175.0622,174.9573,10,1533.0970
1782758633479557083,BUY,174.9923,174.9573,10,930.6240
1782758633479963073,SELL,175.0622,174.9573,10,1336.2030
1782758633529575031,SELL,175.0531,174.9481,10,838.4410
1782758633579990171,BUY,174.9931,174.9481,10,1063.6060
1782758633629828135,SELL,175.0564,174.9515,10,754.9340
1782758633679514140,BUY,174.9965,174.9515,10,343.0260
1782758633730286617,BUY,174.9899,174.9549,10,1037.2840
1782758633731100970,SELL,175.0599,174.9549,10,1851.1770
1782758633780227471,BUY,174.9899,174.9549,10,901.8240
1782758633830055534,BUY,174.9708,174.9457,10,612.8330
1782758633830780497,SELL,175.0407,174.9457,10,1337.4370
1782758633880865526,BUY,174.9708,174.9457,10,1249.1450
1782758633881716798,SELL,175.0407,174.9457,10,2099.4520
1782758633930700632,BUY,174.9737,174.9487,10,954.5280
1782758633931633588,SELL,175.0437,174.9487,10,1884.3000
1782758633980634396,BUY,174.9737,174.9487,10,772.3320
1782758634030449732,BUY,174.9568,174.9418,10,286.7040
1782758634030775185,SELL,175.0267,174.9418,10,611.7930
1782758634082217216,BUY,174.9568,174.9418,10,1894.5910
1782758634131094790,BUY,174.9536,174.9486,10,693.5750
1782758634131955062,SELL,175.0236,174.9486,10,1553.4940
1782758634181573770,SELL,175.0236,174.9486,10,986.1770
1782758634233701363,BUY,174.9713,174.9563,10,941.8490
1782758634283781911,BUY,174.9613,174.9563,10,936.4570
1782758634333627743,BUY,174.9536,174.9586,10,712.0030
1782758634334300542,SELL,175.0236,174.9586,10,1382.4800
1782758634383970833,BUY,174.9536,174.9586,10,934.6900
1782758634434073416,SELL,175.0202,174.9652,10,915.1960
1782758634484318214,BUY,174.9603,174.9652,10,846.4830
1782758634484711057,SELL,175.0302,174.9652,10,1238.8670
1782758634534464472,BUY,174.9522,174.9572,10,841.1900
1782758634535223870,SELL,175.0222,174.9572,10,1600.0710
1782758634584902269,SELL,175.0222,174.9572,10,1132.8170
1782758634634944880,SELL,175.0237,174.9487,10,872.6590
1782758634685281834,BUY,174.9637,174.9487,10,1110.9830
1782758634685652721,SELL,175.0337,174.9487,10,1481.4540
1782758634736041225,SELL,175.0353,174.9503,10,1739.4430
1782758634785401746,BUY,174.9753,174.9503,10,782.1300
1782758634786073001,SELL,175.0453,174.9503,10,1452.8760
1782758634835201103,SELL,175.0539,174.9589,10,489.7940
1782758634935425142,SELL,175.0559,174.9509,10,510.3790
1782758634986078472,BUY,174.9959,174.9509,10,1006.3420
1782758635035709383,SELL,175.0639,174.9589,10,560.0260
1782758635086164569,SELL,175.0739,174.9589,10,775.9600
1782758635136405015,SELL,175.0802,174.9553,10,938.1730
1782758635236350996,BUY,175.0268,174.9618,10,724.8970
1782758635286563512,BUY,175.0168,174.9618,10,830.4510
1782758635286950789,SELL,175.0868,174.9618,10,1217.2930
1782758635336816356,BUY,175.0104,174.9554,10,821.6830
1782758635386557267,BUY,175.0004,174.9554,10,518.3150
1782758635436652610,BUY,174.9963,174.9613,10,493.9970
1782758635437604702,SELL,175.0663,174.9613,10,1445.6410
1782758635487206204,BUY,174.9963,174.9613,10,972.3930
1782758635537338967,BUY,174.9896,174.9646,10,1011.5650
1782758635587470894,BUY,174.9796,174.9646,10,1049.9160
1782758635587984847,SELL,175.0496,174.9646,10,1561.5940
1782758635637471308,SELL,175.0594,174.9744,10,865.5100
1782758635687752141,BUY,174.9994,174.9744,10,910.2950
1782758635688175930,SELL,175.0694,174.9744,10,1333.6400
1782758635787900096,BUY,174.9903,174.9653,10,766.4640
1782758635788964812,SELL,175.0603,174.9653,10,1830.7270
1782758635837766237,BUY,174.9833,174.9583,10,461.8580
1782758635838445681,SELL,175.0533,174.9583,10,1140.8330
1782758635887991677,BUY,174.9833,174.9583,10,614.3930
1782758635939553362,BUY,174.9712,174.9562,10,1709.5290
1782758635940221615,SELL,175.0412,174.9562,10,2377.4850
1782758635988487082,BUY,174.9712,174.9562,10,566.4160
1782758635989489858,SELL,175.0412,174.9562,10,1566.8210
1782758636038849125,BUY,174.9701,174.9551,10,811.1800
1782758636039144937,SELL,175.0401,174.9551,10,1106.5550
1782758636089313023,BUY,174.9701,174.9551,10,1186.1780
1782758636089930134,SELL,175.0401,174.9551,10,1802.8530
1782758636138857503,BUY,174.9746,174.9595,10,653.7470
1782758636188746582,SELL,175.0345,174.9595,10,332.9860
1782758636239660631,BUY,174.9724,174.9574,10,1080.8470
1782758636239945034,SELL,175.0424,174.9574,10,1364.8060
1782758636289395437,BUY,174.9724,174.9574,10,565.0780
1782758636289951783,SELL,175.0424,174.9574,10,1121.0220
1782758636340281896,BUY,174.9791,174.9641,10,1124.1920
1782758636389769340,BUY,174.9691,174.9641,10,512.5390
1782758636390718087,SELL,175.0391,174.9641,10,1459.7550
1782758636439715422,BUY,174.9735,174.9685,10,374.2960
1782758636440453408,SELL,175.0435,174.9685,10,1111.7530
1782758636490442203,SELL,175.0435,174.9685,10,1010.0470
1782758636540443637,SELL,175.0508,174.9658,10,767.9130
1782758636590661251,BUY,174.9908,174.9658,10,895.6090
1782758636590990326,SELL,175.0608,174.9658,10,1224.2440
1782758636640714278,BUY,174.9845,174.9595,10,849.8620
1782758636641075587,SELL,175.0545,174.9595,10,1210.7000
1782758636691003368,BUY,174.9845,174.9595,10,1039.8540
1782758636740886344,BUY,174.9706,174.9556,10,705.6790
1782758636841324771,BUY,174.9666,174.9616,10,783.5370
1782758636842226146,SELL,175.0366,174.9616,10,1684.4220
1782758636891855477,SELL,175.0366,174.9616,10,1215.1130
1782758636941525617,BUY,174.9854,174.9704,10,790.3690
1782758636941811647,SELL,175.0554,174.9704,10,1075.9710
1782758636992087785,SELL,175.0554,174.9704,10,1192.6450
1782758637042321789,BUY,174.9989,174.9739,10,1098.6680
1782758637042955591,SELL,175.0689,174.9739,10,1731.7650
1782758637092319279,BUY,174.9989,174.9739,10,1012.1920
1782758637092730683,SELL,175.0689,174.9739,10,1423.1960
1782758637142395623,BUY,174.9915,174.9665,10,955.5980
1782758637142763799,SELL,175.0615,174.9665,10,1323.3400
1782758637192345600,BUY,174.9915,174.9665,10,768.8640
1782758637242629460,BUY,174.9758,174.9607,10,968.4350
1782758637243061760,SELL,175.0457,174.9607,10,1400.3940
1782758637292247354,BUY,174.9758,174.9607,10,481.5220
1782758637293226709,SELL,175.0457,174.9607,10,1460.4790
1782758637342403791,BUY,174.9763,174.9613,10,528.9910
1782758637343540562,SELL,175.0463,174.9613,10,1664.9920
1782758637442741030,BUY,174.9862,174.9712,10,701.0960
1782758637493285202,BUY,174.9762,174.9712,10,1055.9540
1782758637543351124,BUY,174.9706,174.9756,10,915.5580
1782758637593086488,SELL,175.0305,174.9756,10,562.8390
1782758637643283376,BUY,174.9753,174.9803,10,680.8840
1782758637643582220,SELL,175.0453,174.9803,10,979.2710
1782758637693875351,BUY,174.9753,174.9803,10,970.6320
1782758637744347675,BUY,174.9628,174.9778,10,1110.7170
1782758637794087600,BUY,174.9528,174.9778,10,778.8760
1782758637794609518,SELL,175.0228,174.9778,10,1300.3770
1782758637844330698,BUY,174.9458,174.9708,10,818.8090
1782758637845271791,SELL,175.0158,174.9708,10,1759.3270
1782758637894966545,BUY,174.9458,174.9708,10,1214.6420
1782758637895568143,SELL,175.0158,174.9708,10,1815.6740
1782758637944748983,BUY,174.9472,174.9721,10,832.7850
1782758637945566298,SELL,175.0171,174.9721,10,1649.3020
1782758637995216421,BUY,174.9472,174.9721,10,1022.6990
1782758638044965346,SELL,175.0043,174.9693,10,640.9950
1782758638096103586,BUY,174.9443,174.9693,10,1664.2910
1782758638096999604,SELL,175.0143,174.9693,10,2559.9150
1782758638145523445,BUY,174.9485,174.9735,10,936.3640
1782758638146056007,SELL,175.0185,174.9735,10,1468.4500
1782758638196203661,BUY,174.9485,174.9735,10,1272.4560
1782758638196961986,SELL,175.0185,174.9735,10,2030.3220
1782758638245501511,BUY,174.9503,174.9753,10,446.5210
1782758638246239896,SELL,175.0203,174.9753,10,1184.4150
1782758638295930083,BUY,174.9503,174.9753,10,568.4210
1782758638346171320,BUY,174.9405,174.9755,10,682.2440
1782758638347166205,SELL,175.0105,174.9755,10,1676.6320
1782758638446781680,SELL,175.0169,174.9819,10,1110.4190
1782758638496769970,BUY,174.9569,174.9819,10,891.6370
1782758638497361891,SELL,175.0269,174.9819,10,1483.0770
1782758638546476747,BUY,174.9492,174.9742,10,476.7120
1782758638546890348,SELL,175.0192,174.9742,10,889.9560
1782758638596506631,BUY,174.9492,174.9742,10,388.6570
1782758638597320808,SELL,175.0192,174.9742,10,1202.4260
1782758638647395676,SELL,175.0196,174.9746,10,1181.8630
1782758638747046586,BUY,174.9618,174.9768,10,615.0920
1782758638747417771,SELL,175.0317,174.9768,10,985.8700
1782758638797554534,SELL,175.0317,174.9768,10,879.3650
1782758638847559549,BUY,174.9619,174.9669,10,768.7750
1782758638947433144,SELL,175.0194,174.9644,10,384.7010
1782758639098474990,BUY,174.9605,174.9654,10,937.6970
1782758639099095092,SELL,175.0304,174.9654,10,1556.9280
1782758639148163083,SELL,175.0221,174.9571,10,514.8630
1782758639199014136,SELL,175.0321,174.9571,10,1219.0210
1782758639248483194,BUY,174.9785,174.9635,10,551.5240
1782758639298978167,BUY,174.9685,174.9635,10,910.9460
1782758639299389063,SELL,175.0385,174.9635,10,1321.1390
1782758639349349916,BUY,174.9753,174.9703,10,1169.6050
1782758639349849468,SELL,175.0453,174.9703,10,1668.4640
1782758639399457879,BUY,174.9753,174.9703,10,1039.0440
1782758639499607842,BUY,174.9615,174.9665,10,859.4760
1782758639500091864,SELL,175.0315,174.9665,10,1343.0870
1782758639549703506,BUY,174.9520,174.9570,10,680.9600
1782758639550793627,SELL,175.0220,174.9570,10,1770.6090
1782758639649950528,BUY,174.9585,174.9635,10,665.3590
1782758639700402415,BUY,174.9485,174.9635,10,851.3210
1782758639700964653,SELL,175.0185,174.9635,10,1413.0760
1782758639750154499,BUY,174.9517,174.9667,10,533.0180
1782758639750517251,SELL,175.0217,174.9667,10,895.3680
1782758639800314940,BUY,174.9517,174.9667,10,379.2150
1782758639800873472,SELL,175.0217,174.9667,10,937.2570
1782758639851103172,BUY,174.9608,174.9758,10,1039.7200
1782758639900948987,BUY,174.9508,174.9758,10,761.4570
1782758639901479824,SELL,175.0208,174.9758,10,1291.2410
1782758639951291723,BUY,174.9580,174.9830,10,993.6100
1782758640001523700,SELL,175.0180,174.9830,10,1064.2720
1782758640051650298,BUY,174.9503,174.9753,10,947.6880
1782758640102022457,BUY,174.9403,174.9753,10,551.4620
1782758640152844602,BUY,174.9267,174.9717,10,1196.9920
1782758640153545982,SELL,174.9967,174.9717,10,1897.6910
1782758640252907034,BUY,174.9329,174.9779,10,885.2680
1782758640303348652,BUY,174.9229,174.9779,10,1242.7390
1782758640304194032,SELL,174.9929,174.9779,10,2087.5800
1782758640352783959,BUY,174.9206,174.9756,10,573.3410
1782758640353588498,SELL,174.9905,174.9756,10,1377.4750
1782758640402974113,BUY,174.9206,174.9756,10,681.5860
1782758640452960391,SELL,174.9833,174.9783,10,586.5160
1782758640553779747,SELL,174.9842,174.9692,10,1018.6810
1782758640603874125,BUY,174.9242,174.9692,10,989.3010
1782758640653885750,BUY,174.9072,174.9622,10,903.4360
1782758640654878702,SELL,174.9772,174.9622,10,1895.7940
1782758640703987297,BUY,174.9072,174.9622,10,845.8270
1782758640704891472,SELL,174.9772,174.9622,10,1749.5310
1782758640754312524,BUY,174.9169,174.9719,10,1076.2500
1782758640804056594,BUY,174.9069,174.9719,10,700.5720
1782758640804697257,SELL,174.9769,174.9719,10,1338.1800
1782758640854036433,BUY,174.9138,174.9788,10,583.3930
1782758640854995865,SELL,174.9838,174.9788,10,1542.2280
1782758640904234601,BUY,174.9138,174.9788,10,626.2360
1782758640905173335,SELL,174.9838,174.9788,10,1564.4800
1782758640954354035,BUY,174.9056,174.9706,10,523.3820
1782758640955333939,SELL,174.9756,174.9706,10,1502.7650
1782758641054925779,BUY,174.8964,174.9613,10,536.7110
1782758641055652794,SELL,174.9663,174.9613,10,1262.7590
1782758641104986480,BUY,174.8964,174.9613,10,464.1070
1782758641105476696,SELL,174.9663,174.9613,10,953.7530
1782758641155623509,BUY,174.9024,174.9674,10,996.5750
1782758641205801237,BUY,174.8924,174.9674,10,1018.1590
1782758641255780127,BUY,174.8860,174.9710,10,846.6800
1782758641306041266,BUY,174.8760,174.9710,10,973.8410
1782758641306862117,SELL,174.9460,174.9710,10,1793.9120
1782758641355612709,BUY,174.8767,174.9717,10,435.7980
1782758641356120850,SELL,174.9467,174.9717,10,943.4770
1782758641406247901,SELL,174.9467,174.9717,10,954.7650
1782758641456256726,SELL,174.9556,174.9706,10,864.0410
1782758641506563398,BUY,174.8956,174.9706,10,1081.8610
1782758641506906099,SELL,174.9656,174.9706,10,1424.0050
1782758641556301465,BUY,174.8897,174.9647,10,712.0890
1782758641556841812,SELL,174.9597,174.9647,10,1251.6760
1782758641606800664,SELL,174.9597,174.9647,10,1077.2010
1782758641656388272,BUY,174.9062,174.9712,10,449.6180
1782758641706901671,BUY,174.8962,174.9712,10,794.1670
1782758641707192164,SELL,174.9662,174.9712,10,1083.5420
1782758641757325131,BUY,174.8961,174.9711,10,1033.8070
1782758641757731684,SELL,174.9661,174.9711,10,1439.7060
1782758641857100295,BUY,174.9039,174.9789,10,515.8690
1782758641858069831,SELL,174.9739,174.9789,10,1484.4910
1782758641907562465,BUY,174.9039,174.9789,10,833.9470
1782758641957938937,BUY,174.8886,174.9736,10,1083.3360
1782758642008135236,SELL,174.9486,174.9736,10,1131.7490
1782758642057859019,BUY,174.8880,174.9730,10,706.2630
1782758642058275042,SELL,174.9580,174.9730,10,1120.5870
1782758642107772519,BUY,174.8880,174.9730,10,428.6380
1782758642108630835,SELL,174.9580,174.9730,10,1286.1730
1782758642158347145,BUY,174.8957,174.9807,10,846.0000
1782758642159217165,SELL,174.9657,174.9807,10,1715.1740
1782758642258206563,BUY,174.9051,174.9901,10,438.4900
1782758642258565051,SELL,174.9751,174.9901,10,796.2500
1782758642308435341,SELL,174.9751,174.9901,10,517.3670
1782758642359078360,BUY,174.9058,174.9808,10,1063.6250
1782758642408579274,BUY,174.8958,174.9808,10,443.8250
1782758642458919749,BUY,174.8766,174.9716,10,670.2330
1782758642459658000,SELL,174.9466,174.9716,10,1407.7870
1782758642509460524,BUY,174.8766,174.9716,10,1020.0090
1782758642509772854,SELL,174.9466,174.9716,10,1331.5140
1782758642559058759,BUY,174.8673,174.9622,10,510.0150
1782758642609810508,BUY,174.8573,174.9622,10,1118.2370
1782758642659518094,BUY,174.8418,174.9568,10,723.0010
1782758642709461236,BUY,174.8318,174.9568,10,516.9370
1782758642709893373,SELL,174.9018,174.9568,10,948.5990
1782758642759660181,BUY,174.8317,174.9567,10,512.6270
1782758642810271985,SELL,174.8917,174.9567,10,993.8360
1782758642860066942,BUY,174.8416,174.9666,10,520.6990
1782758642860929765,SELL,174.9116,174.9666,10,1383.0620
1782758642910588497,BUY,174.8416,174.9666,10,850.6800
1782758642960628137,SELL,174.9011,174.9661,10,735.0160
1782758643010598333,BUY,174.8411,174.9661,10,562.4020
1782758643011329753,SELL,174.9111,174.9661,10,1293.3160
1782758643061225751,BUY,174.8467,174.9717,10,1061.0820
1782758643111174573,SELL,174.9067,174.9717,10,880.7490
1782758643161176458,BUY,174.8486,174.9736,10,734.6380
1782758643161867018,SELL,174.9186,174.9736,10,1424.5870
1782758643211599032,BUY,174.8486,174.9736,10,1030.5410
1782758643212219971,SELL,174.9186,174.9736,10,1650.6940
1782758643261438939,BUY,174.8451,174.9701,10,740.0760
1782758643261834758,SELL,174.9151,174.9701,10,1134.8140
1782758643311838667,BUY,174.8451,174.9701,10,956.6040
1782758643312382156,SELL,174.9151,174.9701,10,1499.5050
1782758643362151162,BUY,174.8425,174.9675,10,1021.0150
1782758643363058118,SELL,174.9125,174.9675,10,1927.0470
1782758643461791684,BUY,174.8373,174.9623,10,345.0440
1782758643462311754,SELL,174.9072,174.9623,10,864.6030
1782758643512151757,SELL,174.9072,174.9623,10,604.4380
1782758643562701953,BUY,174.8485,174.9635,10,952.7280
1782758643563428806,SELL,174.9185,174.9635,10,1679.1270
1782758643612851990,BUY,174.8485,174.9635,10,1004.5580
1782758643613238171,SELL,174.9185,174.9635,10,1390.3900
1782758643662417204,BUY,174.8562,174.9712,10,495.4380
1782758643713075910,BUY,174.8462,174.9712,10,913.3070
1782758643713784244,SELL,174.9162,174.9712,10,1621.3370
1782758643763081195,BUY,174.8396,174.9646,10,843.0540
1782758643763592322,SELL,174.9096,174.9646,10,1353.7610
1782758643813180159,BUY,174.8396,174.9646,10,865.9350
1782758643913323929,SELL,174.8908,174.9558,10,812.0420
1782758643963952235,BUY,174.8282,174.9532,10,1293.3970
1782758644013823945,SELL,174.8882,174.9532,10,1010.6100
1782758644063688689,BUY,174.8254,174.9504,10,600.5620
1782758644064523851,SELL,174.8954,174.9504,10,1435.2550
1782758644114219056,BUY,174.8254,174.9504,10,924.5080
1782758644164179395,SELL,174.8768,174.9418,10,535.3160
1782758644214782007,BUY,174.8168,174.9418,10,999.9750
1782758644264699623,SELL,174.8734,174.9384,10,797.0360
1782758644314743327,SELL,174.8834,174.9384,10,553.1410
1782758644365584643,SELL,174.8959,174.9410,10,1256.4850
1782758644415126833,BUY,174.8360,174.9410,10,720.0430
1782758644415877659,SELL,174.9059,174.9410,10,1470.4480
1782758644515684951,BUY,174.8395,174.9445,10,1060.6190
1782758644516136379,SELL,174.9095,174.9445,10,1511.5630
1782758644615220391,BUY,174.8429,174.9479,10,435.0520
1782758644615871816,SELL,174.9129,174.9479,10,1082.7420
1782758644715867410,BUY,174.8454,174.9504,10,736.2800
1782758644716820554,SELL,174.9154,174.9504,10,1688.6780
1782758644816534431,BUY,174.8438,174.9488,10,982.1650
1782758644866565217,BUY,174.8281,174.9431,10,922.3320
1782758644867368320,SELL,174.8981,174.9431,10,1724.9920
1782758644916503851,BUY,174.8281,174.9431,10,743.1430
1782758645017208526,BUY,174.8181,174.9431,10,1029.5440
1782758645067450102,SELL,174.8736,174.9386,10,1189.2150
1782758645117564980,BUY,174.8136,174.9386,10,1134.3960
1782758645168411390,SELL,174.8740,174.9390,10,1679.4450
1782758645218033145,BUY,174.8140,174.9390,10,1004.3010
1782758645218335073,SELL,174.8840,174.9390,10,1305.8670
1782758645267916254,BUY,174.8158,174.9408,10,454.4660
1782758645367978405,SELL,174.8703,174.9353,10,273.3460
1782758645418792699,BUY,174.8103,174.9353,10,983.3080
1782758645419298506,SELL,174.8803,174.9353,10,1477.5110
1782758645469092594,BUY,174.8113,174.9363,10,1086.6280
1782758645469755124,SELL,174.8813,174.9363,10,1748.5350
1782758645518647481,BUY,174.8113,174.9363,10,385.5920
1782758645569318257,SELL,174.8776,174.9426,10,883.5540
1782758645619177527,BUY,174.8177,174.9426,10,650.3960
1782758645619859492,SELL,174.8876,174.9426,10,1331.8800
1782758645669077367,BUY,174.8204,174.9454,10,459.1300
1782758645670041474,SELL,174.8904,174.9454,10,1422.7130
1782758645719859407,BUY,174.8204,174.9454,10,1122.3060
1782758645769892727,SELL,174.8854,174.9505,10,1011.1360
1782758645819984206,BUY,174.8255,174.9505,10,957.4960
1782758645820534195,SELL,174.8954,174.9505,10,1506.9960
1782758645869558074,BUY,174.8330,174.9580,10,415.5340
1782758645870141289,SELL,174.9030,174.9580,10,998.0360
1782758645920004359,BUY,174.8330,174.9580,10,530.5880
1782758645920950559,SELL,174.9030,174.9580,10,1476.2070
1782758645970364753,SELL,174.8958,174.9508,10,788.3610
1782758646020739282,SELL,174.9058,174.9508,10,1069.9790
1782758646070986188,SELL,174.9174,174.9524,10,1220.9360
1782758646120466458,SELL,174.9274,174.9524,10,518.3160
1782758646170702773,BUY,174.8721,174.9570,10,533.0520
1782758646171561326,SELL,174.9420,174.9570,10,1391.1270
1782758646220999747,BUY,174.8721,174.9570,10,751.4290
1782758646221799785,SELL,174.9420,174.9570,10,1551.2540
1782758646271174958,BUY,174.8679,174.9529,10,851.2520
1782758646321328631,BUY,174.8579,174.9529,10,833.1400
1782758646371399671,BUY,174.8553,174.9603,10,785.1860
1782758646371668092,SELL,174.9253,174.9603,10,1046.8320
1782758646421412499,BUY,174.8553,174.9603,10,697.8940
1782758646422325665,SELL,174.9253,174.9603,10,1610.7070
1782758646471775808,SELL,174.9227,174.9577,10,804.0850
1782758646521883658,BUY,174.8627,174.9577,10,643.2120
1782758646522625191,SELL,174.9327,174.9577,10,1384.2940
1782758646622537992,BUY,174.8724,174.9674,10,1113.6050
1782758646623061085,SELL,174.9424,174.9674,10,1636.1720
1782758646672201648,BUY,174.8797,174.9746,10,698.9120
1782758646673051931,SELL,174.9496,174.9746,10,1548.7880
1782758646772287366,BUY,174.8878,174.9828,10,580.9450
1782758646772865740,SELL,174.9578,174.9828,10,1156.2400
1782758646822770051,BUY,174.8878,174.9828,10,866.1280
1782758646872893711,BUY,174.8825,174.9875,10,906.3940
1782758646873838588,SELL,174.9525,174.9875,10,1850.8170
1782758646922941732,BUY,174.8825,174.9875,10,579.6520
1782758646923660355,SELL,174.9525,174.9875,10,1297.6160
1782758646973587907,BUY,174.8730,174.9780,10,954.9790
1782758647023544219,BUY,174.8630,174.9780,10,833.2240
1782758647024345964,SELL,174.9330,174.9780,10,1634.5220
1782758647073486291,BUY,174.8596,174.9746,10,696.8270
1782758647073840981,SELL,174.9296,174.9746,10,1051.0850
1782758647173833263,SELL,174.9358,174.9809,10,858.0300
1782758647224566137,BUY,174.8759,174.9809,10,1242.6340
1782758647225072057,SELL,174.9458,174.9809,10,1748.1820
1782758647274115821,BUY,174.8663,174.9713,10,709.2250
1782758647274896718,SELL,174.9363,174.9713,10,1489.7150
1782758647324883614,BUY,174.8663,174.9713,10,1110.9250
1782758647375025008,BUY,174.8493,174.9643,10,1058.5100
1782758647425497409,BUY,174.8393,174.9643,10,1242.7170
1782758647426494808,SELL,174.9093,174.9643,10,2239.4420
1782758647475372023,BUY,174.8334,174.9584,10,1031.2720
1782758647575398307,SELL,174.8859,174.9509,10,836.4500
1782758647625215890,BUY,174.8259,174.9509,10,534.5390
1782758647676041436,SELL,174.8936,174.9586,10,1194.5920
1782758647726254207,SELL,174.9036,174.9586,10,1178.0420
1782758647826219859,SELL,174.9162,174.9612,10,525.8640
1782758647876374694,BUY,174.8641,174.9691,10,599.1810
1782758647926921084,BUY,174.8541,174.9691,10,923.2650
1782758647927976259,SELL,174.9241,174.9691,10,1977.5210
1782758647977232184,BUY,174.8548,174.9698,10,1080.1930
1782758647977677055,SELL,174.9248,174.9698,10,1524.2180
1782758648027248377,BUY,174.8548,174.9698,10,957.6670
1782758648077587766,BUY,174.8480,174.9730,10,1122.3680
1782758648127620315,SELL,174.9080,174.9730,10,865.9310
1782758648177952018,BUY,174.8549,174.9799,10,968.9740
1782758648178752911,SELL,174.9249,174.9799,10,1769.3460
1782758648228339661,SELL,174.9249,174.9799,10,1201.5630
1782758648278281166,BUY,174.8567,174.9717,10,1010.8690
1782758648327707494,BUY,174.8467,174.9717,10,354.9650
1782758648328639251,SELL,174.9167,174.9717,10,1286.3100
1782758648378477351,BUY,174.8453,174.9703,10,1036.9740
1782758648428409141,SELL,174.9053,174.9703,10,878.5550
1782758648478799193,SELL,174.9241,174.9791,10,1159.5560
1782758648578628459,BUY,174.8720,174.9870,10,815.2080
1782758648629085056,BUY,174.8620,174.9870,10,1018.8810
1782758648629652732,SELL,174.9320,174.9870,10,1585.7470
1782758648729028341,BUY,174.8656,174.9906,10,509.1640
1782758648730357980,SELL,174.9356,174.9906,10,1838.3940
1782758648779307978,SELL,174.9442,174.9992,10,465.7810
1782758648880180805,SELL,174.9545,174.9995,10,1026.2350
1782758648930434189,BUY,174.8945,174.9995,10,1169.4950
1782758648931333724,SELL,174.9645,174.9995,10,2068.3970
1782758648979746494,BUY,174.8994,175.0044,10,400.5410
1782758648980700828,SELL,174.9694,175.0044,10,1354.4630
1782758649030479195,BUY,174.8994,175.0044,10,977.7140
1782758649031399948,SELL,174.9694,175.0044,10,1897.9140
1782758649080651101,BUY,174.8973,175.0023,10,951.7000
1782758649130714578,SELL,174.9573,175.0023,10,886.0710
1782758649180692727,BUY,174.8996,175.0046,10,778.7440
1782758649181109499,SELL,174.9696,175.0046,10,1195.0370
1782758649231148220,BUY,174.8996,175.0046,10,973.4970
1782758649231771148,SELL,174.9696,175.0046,10,1595.9220
1782758649282146980,BUY,174.8979,175.0029,10,1144.4270
1782758649282643572,SELL,174.9679,175.0029,10,1640.6270
1782758649332240409,BUY,174.8979,175.0029,10,1119.0120
1782758649381676661,BUY,174.8786,174.9936,10,477.3530
1782758649382421756,SELL,174.9486,174.9936,10,1222.0570
1782758649432276304,BUY,174.8786,174.9936,10,813.1500
1782758649432889435,SELL,174.9486,174.9936,10,1425.8520
1782758649482423069,BUY,174.8831,174.9981,10,876.7480
1782758649482793186,SELL,174.9531,174.9981,10,1246.5120
1782758649532158003,SELL,174.9531,174.9981,10,531.3060
1782758649582747534,BUY,174.8894,174.9944,10,1026.0190
1782758649632363897,BUY,174.8794,174.9944,10,552.5080
1782758649633492519,SELL,174.9494,174.9944,10,1680.8750
1782758649682484635,SELL,174.9415,174.9865,10,541.9990
1782758649732425975,BUY,174.8815,174.9865,10,383.7050
1782758649733196652,SELL,174.9515,174.9865,10,1153.8050
1782758649782886521,BUY,174.8753,174.9803,10,714.3700
1782758649783632539,SELL,174.9453,174.9803,10,1459.9200
1782758649832926342,BUY,174.8753,174.9803,10,624.7940
1782758649883549864,BUY,174.8750,174.9900,10,1018.1720
1782758649884434540,SELL,174.9449,174.9900,10,1902.2160
1782758649933496526,BUY,174.8750,174.9900,10,843.4200
1782758649983979107,BUY,174.8596,174.9846,10,1180.2830
1782758650084372243,SELL,174.9107,174.9757,10,1058.1000
1782758650184427189,SELL,174.9272,174.9822,10,823.4720
1782758650234890846,BUY,174.8672,174.9822,10,1176.4150
1782758650235987407,SELL,174.9372,174.9822,10,2272.5050
1782758650284801258,BUY,174.8727,174.9877,10,1005.6010
1782758650285767881,SELL,174.9427,174.9877,10,1971.7620
1782758650334660360,BUY,174.8727,174.9877,10,777.4420
1782758650335220872,SELL,174.9427,174.9877,10,1337.4610
1782758650384479157,SELL,174.9340,174.9790,10,490.2560
1782758650485124328,BUY,174.8831,174.9881,10,956.9740
1782758650485636177,SELL,174.9530,174.9881,10,1468.3810
1782758650534736032,SELL,174.9530,174.9881,10,479.6380
1782758650585064460,BUY,174.8887,174.9837,10,650.4260
1782758650586042971,SELL,174.9587,174.9837,10,1628.5840
1782758650635534693,BUY,174.8887,174.9837,10,901.7140
1782758650636376166,SELL,174.9587,174.9837,10,1742.7890
1782758650685693112,SELL,174.9515,174.9765,10,880.0600
1782758650735350351,SELL,174.9615,174.9765,10,398.1530
1782758650786264665,BUY,174.9017,174.9767,10,1088.9180
1782758650786645179,SELL,174.9717,174.9767,10,1468.4160
1782758650839167205,BUY,174.9017,174.9767,10,3899.2410
1782758650839997604,SELL,174.9717,174.9767,10,4729.0840
